type,name,module,path,hash
"csv","agent-manifest","_cfg","bmad/_cfg/agent-manifest.csv","093c41a4b8801420c63e58719a07b479054faf56d63b3079b8eb6bf4e6e3ae6a"
"csv","task-manifest","_cfg","bmad/_cfg/task-manifest.csv","7fccf1cdffa6d592342f9edd9e13c042fffea2dbcbb79b043fbd69a7e610c875"
"csv","workflow-manifest","_cfg","bmad/_cfg/workflow-manifest.csv","86816dcd1e150a45cf145cb90b7241ee22549b3a7bba92b0e1d83aaff72a162a"
"yaml","manifest","_cfg","bmad/_cfg/manifest.yaml","4109ebd28b9b93d8dd4260451861c3a79d5589781519dd8fd97cba61a94d6802"
"js","installer","bmb","bmad/bmb/workflows/create-module/installer-templates/installer.js","f065095d3392601b90e0336017479528c90ab00407c88b9c08f553f0eafeecf1"
"md","agent-architecture","bmb","bmad/bmb/workflows/create-agent/agent-architecture.md","407b2f9929dc163804cb0f957a7037f5bbeb1b912beec5e124a934b4d74dbb9c"
"md","agent-command-patterns","bmb","bmad/bmb/workflows/create-agent/agent-command-patterns.md","66c2dc12c99f3b5e7fb7f1d0091b21066d826064ab1d44f654fd917555bc61ff"
"md","agent-types","bmb","bmad/bmb/workflows/create-agent/agent-types.md","1a2ffd4d0c4355e8ccce28d606afe0aec319b4b97b1e0a7acd6ebf2429bfc155"
"md","bmad-builder","bmb","bmad/bmb/agents/bmad-builder.md","a89eee44cea857f4a2094362eeabf305fa95fff675410fa52dff1bbb7ae7151e"
"md","brainstorm-context","bmb","bmad/bmb/workflows/create-agent/brainstorm-context.md","c681e9493f118d2d84825ab5e061f6c88a57404113f73ae9f05a488a9e76d5fe"
"md","brainstorm-context","bmb","bmad/bmb/workflows/create-module/brainstorm-context.md","886f075588e5bd20dfbe6417a9c73799c73f7c1e98a53bbba61c0354743529ff"
"md","brainstorm-context","bmb","bmad/bmb/workflows/create-workflow/brainstorm-context.md","07193ddbfe309faf17f1e6bf0f2a8b243d7361502a3d6a4e58ed3c9bf5c3068f"
"md","checklist","bmb","bmad/bmb/workflows/audit-workflow/checklist.md","8eae30fe3320e20c5cc38480cd5d4fe926095bd9d56b04de45da4633d970ac0b"
"md","checklist","bmb","bmad/bmb/workflows/convert-legacy/checklist.md","49dbc75efd9ddbc113f12895881579321b011767cc5f2ea9fd74e26683351c44"
"md","checklist","bmb","bmad/bmb/workflows/create-agent/checklist.md","6c76f747cfbc45f5176c04eb7bcbf67b7283702cff0cafb9fb9ab48f5a68ced1"
"md","checklist","bmb","bmad/bmb/workflows/create-module/checklist.md","9a6c2b6e6bc719e357b7aa6f5329972243187f431066fbc438993e13372c7ef3"
"md","checklist","bmb","bmad/bmb/workflows/create-workflow/checklist.md","d87fde6985f1517c550f4e0db3ded4c93bf8685e9a59d058813155d5dabd432a"
"md","checklist","bmb","bmad/bmb/workflows/create-workflow/workflow-template/checklist.md","329a1e39a83e95d1d3a6c1784eb15841ef509b88be82cdc9a42bd693dc114b64"
"md","checklist","bmb","bmad/bmb/workflows/edit-agent/checklist.md","f80c092f70612c346adc365ae12d20266b2a41fccbe0010c4c2df93cfd19faf6"
"md","checklist","bmb","bmad/bmb/workflows/edit-module/checklist.md","de9120a1f99519bb315301b20b3c66d560699c940a14fc942e2602ca7a5c9d98"
"md","checklist","bmb","bmad/bmb/workflows/edit-workflow/checklist.md","3b59883c9a68b9a735fffb5b70c6071077b24b85e4d07b7345502fbe6b0239bb"
"md","checklist","bmb","bmad/bmb/workflows/module-brief/checklist.md","5dc575ebef451d3295132bd96ff5f995e3b60fb77bc2e75df598a97ea41cda98"
"md","checklist","bmb","bmad/bmb/workflows/redoc/checklist.md","db5464e898669936ae5b86d0ddf0de4299b669f0571aa07bf39daa5d75b06aa4"
"md","communication-styles","bmb","bmad/bmb/workflows/create-agent/communication-styles.md","186600100d64468448acb46dd4dda2728969982eded4e3c4b97f0a78710a2e8c"
"md","instructions","bmb","bmad/bmb/workflows/audit-workflow/instructions.md","bf6f70e35e0678ddb2c711581436eb9875102e2f2c8699689866bce96883808e"
"md","instructions","bmb","bmad/bmb/workflows/convert-legacy/instructions.md","1325a25f86b26f48a33b74eeb6004d77a4215e476499c78f84be4100b7d5ca28"
"md","instructions","bmb","bmad/bmb/workflows/create-agent/instructions.md","c182a3b93ec4906924e10a7c70ff2de9d16aa60935f5a03abe6324c5c116261b"
"md","instructions","bmb","bmad/bmb/workflows/create-module/instructions.md","9cc940dbaf10d36f19f46b48cdbc932e6248a79a904d66bdbeb4f33f45d92ae3"
"md","instructions","bmb","bmad/bmb/workflows/create-workflow/instructions.md","cd80786410fb8c5ba8093254248307bb017d37d9df5fb578ddc74cd1e1025fb9"
"md","instructions","bmb","bmad/bmb/workflows/create-workflow/workflow-template/instructions.md","a79d902b44e2238cdab71965977cacedec24894887d150e7e2c578fe4747519c"
"md","instructions","bmb","bmad/bmb/workflows/edit-agent/instructions.md","c35ffeb646ad274ac3dc856b29fa4cf18ba85ba3e0d4b418cc5cf8341e88674e"
"md","instructions","bmb","bmad/bmb/workflows/edit-module/instructions.md","c25d4aa2e7c5c38ea2bc628d57295d5859261ee072117b0a75bf303daddaa06f"
"md","instructions","bmb","bmad/bmb/workflows/edit-workflow/instructions.md","c7334d38fd960cd96ccda1527226f02fd168b21a28767b79c25121dc68baf0a7"
"md","instructions","bmb","bmad/bmb/workflows/module-brief/instructions.md","c959bc3445e64131cce6a013f88ce60ca7a1c7203e688e20c4b6a1918a0a0742"
"md","instructions","bmb","bmad/bmb/workflows/redoc/instructions.md","d509cdff81665ac2cb8a17dbcc9f1ec1f6ff56320bac955f7fb886235f095104"
"md","module-structure","bmb","bmad/bmb/workflows/create-module/module-structure.md","8c24932d580d2c312c9bb024ae4399092c59bc22610b6a0154e9200d9c947e04"
"md","README","bmb","bmad/bmb/README.md","a9730c0621cdf022ba9db1207d04aab77b55b94021926b1ae73f35de285e4d3f"
"md","README","bmb","bmad/bmb/workflows/convert-legacy/README.md","298fb062b5df5cec68b8f3a84c056b74d6d6142e99808698f2a55dad3fcae411"
"md","README","bmb","bmad/bmb/workflows/create-agent/README.md","05d345a1c0a280f062f59875f0193cdb577d8cc1f359329913d2eee819aec56d"
"md","README","bmb","bmad/bmb/workflows/create-module/README.md","6101369aacf57a3c6552b50b9e14c0700735c3636246d3395fe9fd5f194e7165"
"md","README","bmb","bmad/bmb/workflows/create-workflow/README.md","bf54c92974d6e519cb2a849887a48a703556e5ae228175f2f3f3ee5719cb4f7f"
"md","README","bmb","bmad/bmb/workflows/edit-agent/README.md","0f620f74640f78a6096373dfd78702d9096fc02ecc1cf43b7bc0f73ae6bc8f14"
"md","README","bmb","bmad/bmb/workflows/edit-module/README.md","65d5832f89fcb74157332df2366f994a5f39068a957caad20cb2ff8d3f4fcc51"
"md","README","bmb","bmad/bmb/workflows/edit-workflow/README.md","89e2c60e4cc95a734f480aa4974eafb4af66d26ba10588623f6ffb54106335c4"
"md","README","bmb","bmad/bmb/workflows/module-brief/README.md","6d0e78038a68be8243c9699470a6f10e027675e69eeb0a7af6c91a1682076182"
"md","README","bmb","bmad/bmb/workflows/redoc/README.md","5f67e49655d3810cf6f57776b2b4fc24ac182f6e9cf06151441c3ee674af4a03"
"md","template","bmb","bmad/bmb/workflows/audit-workflow/template.md","c9a9961f7c7bd76126f3870adef08020b35a8410757ae70d0f945d6aa4b2298f"
"md","template","bmb","bmad/bmb/workflows/create-workflow/workflow-template/template.md","8a56e37ae2b6ee9ea9fc319132cff573217530a015f323c7c6724824ad113286"
"md","template","bmb","bmad/bmb/workflows/module-brief/template.md","92902dab599c4aed7f36cc61d01359deaece1362ed237b2840880f2f02e8363d"
"md","workflow-creation-guide","bmb","bmad/bmb/workflows/create-workflow/workflow-creation-guide.md","b729e0489671b5f8706eccfd4d99a39b05fb4a2aabec3b0958a1d2494588b6ec"
"yaml","bmad-builder.agent","bmb","bmad/bmb/agents/bmad-builder.agent.yaml",""
"yaml","config","bmb","bmad/bmb/config.yaml","382ac6d42ee792f73ba0c7c9502d2b38d7f1b96ebf0ca2a8a962c9f881ed2af1"
"yaml","install-config","bmb","bmad/bmb/workflows/create-module/installer-templates/install-config.yaml","7f405aaa32cb316f489f21ac4cc8640abfac6a12dd6b989032cda97e0d2cae8b"
"yaml","workflow","bmb","bmad/bmb/workflows/audit-workflow/workflow.yaml","297a210d9f1a8077df964365457236a76938752fa03f33d20464004fda5aa60a"
"yaml","workflow","bmb","bmad/bmb/workflows/convert-legacy/workflow.yaml","bed44909f82b10538323d1c19240cd00634cb439c6036a74754a997cfd2674de"
"yaml","workflow","bmb","bmad/bmb/workflows/create-agent/workflow.yaml","af791c340565b6616ef0378cc6a7d2be6fc20be57fe5b31d7f0ca1bd52a2cb45"
"yaml","workflow","bmb","bmad/bmb/workflows/create-module/workflow.yaml","f33ccf175e3edc3849727b0611ad3f1121e514f0f1aaf647964b94e55bfcbbd9"
"yaml","workflow","bmb","bmad/bmb/workflows/create-workflow/workflow-template/workflow.yaml","14e76754006c50502fac2b21a76ca9efdc41e9f6112f76b635c79f8bebcd7df0"
"yaml","workflow","bmb","bmad/bmb/workflows/create-workflow/workflow.yaml","b893af570481166c78c13484d0d9c516574a92578e2f45eeabee5e66b11016e8"
"yaml","workflow","bmb","bmad/bmb/workflows/edit-agent/workflow.yaml","641b244e5b0bb64c7552a2d1af837cf15b51fac14947e0e79695e932debd85c6"
"yaml","workflow","bmb","bmad/bmb/workflows/edit-module/workflow.yaml","0154a08d077d60538f4aec51fdadf55551cebb044d9d5a450fb3a3a9ebf0948a"
"yaml","workflow","bmb","bmad/bmb/workflows/edit-workflow/workflow.yaml","4157d9102a26c59e5cc905fd569a6ba6741266783d5cd43059689ee0a750ccf4"
"yaml","workflow","bmb","bmad/bmb/workflows/module-brief/workflow.yaml","e3225b724b741611bd19d5666ff41f8e70ac4b200248a6826982ca76a61ae835"
"yaml","workflow","bmb","bmad/bmb/workflows/redoc/workflow.yaml","b9df322216b8f256164464f138a6745a28e410db85f19db9e96d92fdecacbd14"
"csv","default-party","bmm","bmad/bmm/teams/default-party.csv","4b08b5012396670a33b3affd13b1b56adea59483abac064d2746a3c25c3c351b"
"csv","documentation-requirements","bmm","bmad/bmm/workflows/document-project/documentation-requirements.csv","efc91d54787939a2dd2c22400e6b9b6f58835a741ea557e8971b5b333ce666e8"
"csv","domain-complexity","bmm","bmad/bmm/workflows/2-plan-workflows/prd/domain-complexity.csv","b74c413a885918ef62f90d61889e4e8c64aea3d26d357c6b1cc5054092274783"
"csv","pattern-categories","bmm","bmad/bmm/workflows/3-solutioning/architecture/pattern-categories.csv","490bb6b7d5abfd5c1b20dca04399870c030b5d5d2db7148621d43f08044616e8"
"csv","project-types","bmm","bmad/bmm/workflows/2-plan-workflows/prd/project-types.csv","2ea18a3e100f51cf26f0311949e7b7f76c6005e85271df0afd8d1b5632faaf57"
"csv","tea-index","bmm","bmad/bmm/testarch/tea-index.csv","c32cbfe439e58556a0ee366988c5447e2c415a325c4e2599c5e3f0c8ae8899a9"
"json","project-scan-report-schema","bmm","bmad/bmm/workflows/document-project/templates/project-scan-report-schema.json","4c27adf9407907f31150d03d233f782f165aae9f754ecfa5532d0eed36c8bc94"
"md","agents-guide","bmm","bmad/bmm/docs/agents-guide.md","888889cf0673ef02b58263d96d3f00ec5ccb0fbfbdcbf00d6a544858f75d3273"
"md","analyst","bmm","bmad/bmm/agents/analyst.md","a8054eafd176242cf57aec6ef4309cc58289b1f301c2f01e95b2e90c4a1f0969"
"md","api-documenter","bmm","bmad/bmm/sub-modules/claude-code/sub-agents/bmad-analysis/api-documenter.md","34e5dc7ba546dd3ffd9de2af581e0b7b73ba898d8c90293a65b9bbcc87ee5933"
"md","architect","bmm","bmad/bmm/agents/architect.md","97816b75f85a0a2201c6e6fa52afce6b42082b2f9f698e4dc353714321b26265"
"md","architecture-template","bmm","bmad/bmm/workflows/3-solutioning/architecture/architecture-template.md","8af47cd86e625a87836f88c2b8b158c7c61079562ca03d361a46888c06bf098f"
"md","atdd-checklist-template","bmm","bmad/bmm/workflows/testarch/atdd/atdd-checklist-template.md","9a267489ba6a0fc1f4096795bf1aaed395f98be1963e302479c7030656a5d3e4"
"md","backlog_template","bmm","bmad/bmm/workflows/4-implementation/code-review/backlog_template.md","42c4a61b30a8d1bfc670934db31622097b679ceee80f7744de823a77fa6ccd42"
"md","brownfield-guide","bmm","bmad/bmm/docs/brownfield-guide.md","0cc4add27944633a9b544d42b2b2ea6e39a11b90ffaf0e1c9b642aac10cf9278"
"md","checklist","bmm","bmad/bmm/workflows/1-analysis/product-brief/checklist.md","4b3211448c246d2313d5e6a3f38421ec846fcfb6dd4abd86fb99b156ad02eb2b"
"md","checklist","bmm","bmad/bmm/workflows/1-analysis/research/checklist.md","a9fce8e332d712c733a2b38dbc5ffa0fe4a5e997d057f57f0136a10c3046d2e3"
"md","checklist","bmm","bmad/bmm/workflows/2-plan-workflows/create-ux-design/checklist.md","69c45f1d99f8f52855ba9e4d7ac13f5b90494e7d2c7526c24e43a46ba4af560e"
"md","checklist","bmm","bmad/bmm/workflows/2-plan-workflows/prd/checklist.md","1b0c7ca689b2c65f78b9e8588a5e57e9234c19a52ca359c65dccadbaeb01c147"
"md","checklist","bmm","bmad/bmm/workflows/2-plan-workflows/tech-spec/checklist.md","5775c102476b5136f72da7c04ddcbac378e45d89f71bc89b61cfdc67dcae186e"
"md","checklist","bmm","bmad/bmm/workflows/3-solutioning/architecture/checklist.md","f34d1b2d98d93bf7bc824be63a817217fb313eb13cb69afc026672f54442fada"
"md","checklist","bmm","bmad/bmm/workflows/3-solutioning/solutioning-gate-check/checklist.md","bf7c87fdb7746c009b2440309ec12674ba92c07e9b040a9e7641cbee71e2755e"
"md","checklist","bmm","bmad/bmm/workflows/4-implementation/code-review/checklist.md","db1b413bbdce4f490906a11c1be889f44f7833ca54c9785098fa8fa566168e3c"
"md","checklist","bmm","bmad/bmm/workflows/4-implementation/correct-course/checklist.md","88590a144d5e60ff8c3a303c2f967c9d398cc309dab7d1936881a1c18f692a6a"
"md","checklist","bmm","bmad/bmm/workflows/4-implementation/create-story/checklist.md","7bb9d3a0b6c612bb5194bfa91187361e39c47a0ea485cb4b31ab5d6396aa38d8"
"md","checklist","bmm","bmad/bmm/workflows/4-implementation/dev-story/checklist.md","3aa8e1ab8ed440d56c43218f705993748fe4725a84d514ada19689cef786e41a"
"md","checklist","bmm","bmad/bmm/workflows/4-implementation/epic-tech-context/checklist.md","af28abcd2e5131ef4fc0dd168e7ad2db9fb7ebb9169bc9c11c24ba42d9ca3483"
"md","checklist","bmm","bmad/bmm/workflows/4-implementation/sprint-planning/checklist.md","cc4f8e9411dbf9e644333790f867d74027aae3721cbc7f11d574536bf903a0aa"
"md","checklist","bmm","bmad/bmm/workflows/4-implementation/story-context/checklist.md","bbc789e30144f01d8f4df46512a507c78e279ec0b34966e207da0a4b9e51d823"
"md","checklist","bmm","bmad/bmm/workflows/document-project/checklist.md","baa831e15cdd3f40e286a50caf798ac6dcd76f20b1cf8b01a09f26f2c937b2a7"
"md","checklist","bmm","bmad/bmm/workflows/testarch/atdd/checklist.md","10835403aae2bf2f4c90558a139e0d36e07edac71072966a2d54fb4518ca1a98"
"md","checklist","bmm","bmad/bmm/workflows/testarch/automate/checklist.md","034025f155c51cc8ce970041b34720996b8a7232991a36ea378e229b4ebf855c"
"md","checklist","bmm","bmad/bmm/workflows/testarch/ci/checklist.md","ba5517a88641942c711478c6e5df8118412b1a29b6570e8cac4add33ee8379ac"
"md","checklist","bmm","bmad/bmm/workflows/testarch/framework/checklist.md","4b6701e337d74e69bf66149b6f885940076756b67b26928454d706a0a1d380b2"
"md","checklist","bmm","bmad/bmm/workflows/testarch/nfr-assess/checklist.md","cd3a06a4c36557f28d93fb78766c96fb39db57c399187a26f056ebd63ef7de74"
"md","checklist","bmm","bmad/bmm/workflows/testarch/test-design/checklist.md","e1209bd44650f15b7b872d59a1c8066911bed5062f44e73baa78fb9289a32587"
"md","checklist","bmm","bmad/bmm/workflows/testarch/test-review/checklist.md","4513e00ce1966b81432b494bc5954122851da51b170a3fc55ad3872aec37c929"
"md","checklist","bmm","bmad/bmm/workflows/testarch/trace/checklist.md","58d75317202230e58e43adb9b711f2bba4a5e0ea1ad5c1ab4b8a9064ed007625"
"md","checklist-deep-prompt","bmm","bmad/bmm/workflows/1-analysis/research/checklist-deep-prompt.md","3556662e3fc31d0922a8ed51e03de56e0269332b1b138437f89db5d49d1696b0"
"md","checklist-technical","bmm","bmad/bmm/workflows/1-analysis/research/checklist-technical.md","d001f6f0444db4822881b56e3afb0407cdc4a504a90d9ec11ecb93b404a1a71b"
"md","ci-burn-in","bmm","bmad/bmm/testarch/knowledge/ci-burn-in.md","d1688040c43d23a638a627c8544c24cbcf410e4e19af5158c09155d832addd4d"
"md","codebase-analyzer","bmm","bmad/bmm/sub-modules/claude-code/sub-agents/bmad-analysis/codebase-analyzer.md","6b9bc9cc85aa0c71a867ffdf861375eda7772e7a1afa8fe513d7efa408ba681d"
"md","component-tdd","bmm","bmad/bmm/testarch/knowledge/component-tdd.md","1acb4c48b2f924f60ed6784955597c17120466d5dc24d2e43e4b0a1bd0e61aae"
"md","contract-testing","bmm","bmad/bmm/testarch/knowledge/contract-testing.md","1d90624821dc9cbbffe41567ec05045b3f5f634c5208ff0151e946520a3d484b"
"md","data-analyst","bmm","bmad/bmm/sub-modules/claude-code/sub-agents/bmad-analysis/data-analyst.md","77d9e6b95c2097a821dbbfbb2944f346ff65a577aefad4792a5a5059080592e7"
"md","data-factories","bmm","bmad/bmm/testarch/knowledge/data-factories.md","c98dab79a9064d45402dbe0a5c25a1d82b53557c56e3f142023bf907e2b98d53"
"md","deep-dive-instructions","bmm","bmad/bmm/workflows/document-project/workflows/deep-dive-instructions.md","889f8737779ab7d94c09cc0bda40570e7ffbc3b015bdea163d4fbd4497985db1"
"md","deep-dive-template","bmm","bmad/bmm/workflows/document-project/templates/deep-dive-template.md","2d098bb425f58d1d49ab5c6b7c1a8c92af9271d281bacafe000fed059a1a206d"
"md","dependency-mapper","bmm","bmad/bmm/sub-modules/claude-code/sub-agents/bmad-planning/dependency-mapper.md","029078feaaba58ba79018ebf39640665af7ab9c00585316b8c5809a5395f5d35"
"md","dev","bmm","bmad/bmm/agents/dev.md","19312e2daecebdb4bbae495d3312bdaa91ae4d687ff4032de88a7d45236571c6"
"md","document-reviewer","bmm","bmad/bmm/sub-modules/claude-code/sub-agents/bmad-review/document-reviewer.md","24435d1983b21d00a7bf66660e3cf6b9e8d11d745a813c7feb155449d850c7db"
"md","documentation-standards","bmm","bmad/bmm/workflows/techdoc/documentation-standards.md","a6497acb8f313c70bd99b6506a524610730af6148376e98f95db2af22edf76cd"
"md","email-auth","bmm","bmad/bmm/testarch/knowledge/email-auth.md","1265f30cdd7b85f164769abf4f6ea86b6abec3acd90653e646a9c9ee17176963"
"md","enterprise-agentic-development","bmm","bmad/bmm/docs/enterprise-agentic-development.md","ed3dc4ea2a9f0eb356757c7652b6c4e0fd199ceb5074007b112f700817628ae0"
"md","epic-optimizer","bmm","bmad/bmm/sub-modules/claude-code/sub-agents/bmad-planning/epic-optimizer.md","23f5444c0edb1e58acf8c895a5c10e25deb5ccd0ae27baf99c6d4b2fa1a5f504"
"md","epics-template","bmm","bmad/bmm/workflows/2-plan-workflows/prd/create-epics-and-stories/epics-template.md","59410d8cd3417c0b1308a8752ed6a9b06abe29531c06513a500f1b9be69bf6de"
"md","epics-template","bmm","bmad/bmm/workflows/2-plan-workflows/tech-spec/epics-template.md","e8c4a4491c2cb908ebbf5a419bae91fa635b757c1ccd9ef38a1c8d5639f0aef2"
"md","error-handling","bmm","bmad/bmm/testarch/knowledge/error-handling.md","86c04dd03ff81340eb99bdfe200f8d6a51c99a2199fb80a0046f9cb312d7c440"
"md","faq","bmm","bmad/bmm/docs/faq.md","a9abb1ef82d490d0c849c2187765234cba27cfaeff04a766b0b6f5aa341f7008"
"md","feature-flags","bmm","bmad/bmm/testarch/knowledge/feature-flags.md","91d8753aaab3ae974ab9ab5a4651dd39e147fe5ac1b9e74620dd1901efc8e93f"
"md","fixture-architecture","bmm","bmad/bmm/testarch/knowledge/fixture-architecture.md","e578e2164ba7d60818a910242d9bc03413724bae3e8e5a5f03192b3c3076d83d"
"md","full-scan-instructions","bmm","bmad/bmm/workflows/document-project/workflows/full-scan-instructions.md","c0e8151b7079442c16c2445bfeb574f214d5cd6c83b7ed679c57ca63599c3b32"
"md","glossary","bmm","bmad/bmm/docs/glossary.md","080d7c8c168f581c9df25bc80a2fb88fed9f08d786bdddbc295d4e5a6cd9fdec"
"md","index-template","bmm","bmad/bmm/workflows/document-project/templates/index-template.md","0e077c2d9d9ccb149a64ed82e67914d90571e23696687cf7a08ac5f2a8b18306"
"md","instructions","bmm","bmad/bmm/workflows/1-analysis/brainstorm-project/instructions.md","12cd2d949dab0e0bd6c7b63cb10e78ff33b6fc6ccfe505266798e64dc0441941"
"md","instructions","bmm","bmad/bmm/workflows/1-analysis/domain-research/instructions.md","f7bcbc4ded73ebb0efbca928b974e1e1a17d0ec2bf852c135b19bf6d5bc6724b"
"md","instructions","bmm","bmad/bmm/workflows/1-analysis/product-brief/instructions.md","a2581c91024aaa862c99578811325a0bda2fa052762ab410ea521e744583aec9"
"md","instructions","bmm","bmad/bmm/workflows/2-plan-workflows/create-ux-design/instructions.md","a9e7af70ae457d3fece5e929f195ea073c93073e86cf3d886510a40b2828b298"
"md","instructions","bmm","bmad/bmm/workflows/2-plan-workflows/prd/create-epics-and-stories/instructions.md","be18debe4c6ab1038ac431a84c7a83d4b6377efe935dc0c21a713eee886f2df5"
"md","instructions","bmm","bmad/bmm/workflows/2-plan-workflows/prd/instructions.md","a6072475ede4a8e59a5c275ef67f4ccd041b3b350e10511a814cc9b283658f67"
"md","instructions","bmm","bmad/bmm/workflows/2-plan-workflows/tech-spec/instructions.md","f458f9575424fdba242ebf2df011e1246d52cd6674410d228bc6bec1429672bb"
"md","instructions","bmm","bmad/bmm/workflows/3-solutioning/architecture/instructions.md","00606c69065905c545a8915d09c54df6e3bd031609cb275499b29393ecac9b1f"
"md","instructions","bmm","bmad/bmm/workflows/3-solutioning/solutioning-gate-check/instructions.md","792e9870c0f67feabf14979ed831b02e249942a442e72fbed7bcf8ec846fbb79"
"md","instructions","bmm","bmad/bmm/workflows/4-implementation/code-review/instructions.md","4dec5e9afcad3aa6786e2f8b9bfa0465e38a14a8c014b8374e40e40ed913a27e"
"md","instructions","bmm","bmad/bmm/workflows/4-implementation/correct-course/instructions.md","7644f8184f1fb853f46096fb9c3688b5e656062cfebdb9604d6ca003cab98662"
"md","instructions","bmm","bmad/bmm/workflows/4-implementation/create-story/instructions.md","c73df4d3f1b7e907ccd9bbad23f89fdce8be40ac747c456a2ad7e7000a0b70b3"
"md","instructions","bmm","bmad/bmm/workflows/4-implementation/dev-story/instructions.md","ef1c40c99992b6f6cfb9e6aeb579e92f83f5e40fe1f6625de3167aed8be9c452"
"md","instructions","bmm","bmad/bmm/workflows/4-implementation/epic-tech-context/instructions.md","3eb3a84d169af7b4120de6d83adc2f993dcc44b8071be748bfd66c6455292ff4"
"md","instructions","bmm","bmad/bmm/workflows/4-implementation/retrospective/instructions.md","1bf5db37d5d98da4e48c2756ad880b535da3a1c3ce06c7d2a057ad63bf76893d"
"md","instructions","bmm","bmad/bmm/workflows/4-implementation/sprint-planning/instructions.md","871f673adf6580882313bfb4a42c5e516ec80cb3f90a3c4b77cf8699ac954e90"
"md","instructions","bmm","bmad/bmm/workflows/4-implementation/story-context/instructions.md","e13d7be9332ba16ba24985ccd935ed8ceb0d3a694d77b757c491f50e601325bc"
"md","instructions","bmm","bmad/bmm/workflows/4-implementation/story-done/instructions.md","b083a71b73908644ec0a2fc45a12bb97bd079e33e6e77c5b4c5d2902370d5689"
"md","instructions","bmm","bmad/bmm/workflows/4-implementation/story-ready/instructions.md","d610953da7e74622d0aa13df016cb291317dbef97e56e3c8011649acd5511e7f"
"md","instructions","bmm","bmad/bmm/workflows/document-project/instructions.md","c07ca6b5332edbf1c634f3b246ee80169b81e6cd07e6b5dffef5c4fb2c55f9d0"
"md","instructions","bmm","bmad/bmm/workflows/testarch/atdd/instructions.md","804fb4fdb4d88c252d1eae19587c3d0a2018f32651e1b023eff72cf87cce2b59"
"md","instructions","bmm","bmad/bmm/workflows/testarch/automate/instructions.md","5dcb548220736a51619297ff0547a110e0cfbdf822c1529f50b149e34bf7430e"
"md","instructions","bmm","bmad/bmm/workflows/testarch/ci/instructions.md","4a5b8ba874ed7828974deac18fe64f4e2167417f196082758113b40c0be2f2cb"
"md","instructions","bmm","bmad/bmm/workflows/testarch/framework/instructions.md","5466b5b35117565d3b07064cb1fa72b0446aabea83f49c714ceafe889095f1cf"
"md","instructions","bmm","bmad/bmm/workflows/testarch/nfr-assess/instructions.md","ea65c7f384d3961108737e8da91c94d8a120fc6f1b1273abd57718103a7f4cc5"
"md","instructions","bmm","bmad/bmm/workflows/testarch/test-design/instructions.md","013e0328ab9bb75ec2e833936b9f39129d11737ee7be72e6086793e8e507f019"
"md","instructions","bmm","bmad/bmm/workflows/testarch/test-review/instructions.md","175ba32c6045771f2fa6df1a330e1dc0b716f1e23f5406e459c0e440802c7798"
"md","instructions","bmm","bmad/bmm/workflows/testarch/trace/instructions.md","a3abd6c56f45ecada9819f0fb5df73edb5531e06709eb22b4d07f7b08e3adbe3"
"md","instructions","bmm","bmad/bmm/workflows/workflow-status/init/instructions.md","b0143977123352ea5127b500769eb63c1b0204c3e3a5697740b9d7c5ff98501c"
"md","instructions","bmm","bmad/bmm/workflows/workflow-status/instructions.md","f7099ddb790e8d56dac24be7451060c1c7da4b6dd18e05c9b312aaf2c7dd22e9"
"md","instructions-deep-prompt","bmm","bmad/bmm/workflows/1-analysis/research/instructions-deep-prompt.md","1ee68a8169040f2c8a895f7aa99798798a58692068ba1ee1940a01a96742d742"
"md","instructions-generate-stories","bmm","bmad/bmm/workflows/2-plan-workflows/tech-spec/instructions-generate-stories.md","41e9520d94566bc8e83f6cfd47b3f30280e9a9ef5555137eade6075ffbb648fe"
"md","instructions-market","bmm","bmad/bmm/workflows/1-analysis/research/instructions-market.md","787470ce4190a7eb63d69662d479a0bd1461ff27c470d7114a70dfede94c6724"
"md","instructions-router","bmm","bmad/bmm/workflows/1-analysis/research/instructions-router.md","c0bdb07de6e1fa251be9c7ef57c06e7766aabb0d950acc6f1df8bdf93c06f73d"
"md","instructions-technical","bmm","bmad/bmm/workflows/1-analysis/research/instructions-technical.md","4988bbf9958c60a6af55355a3501edd7488d0d32e961cf605d79409181288291"
"md","market-researcher","bmm","bmad/bmm/sub-modules/claude-code/sub-agents/bmad-research/market-researcher.md","b7d82fd51b0e606005203bdf563d6dee3f23cf3beeeafc3620c59567fc49925a"
"md","network-first","bmm","bmad/bmm/testarch/knowledge/network-first.md","257fe61ec77020d024f7ddf4f6c5c965f6c4632a469d942278c7337abc8621b7"
"md","nfr-criteria","bmm","bmad/bmm/testarch/knowledge/nfr-criteria.md","5d5f9acfeb6a98f2ef7ee8707bbac3ab37d9c191c443c1e944dee70cf3f9963a"
"md","nfr-report-template","bmm","bmad/bmm/workflows/testarch/nfr-assess/nfr-report-template.md","00438049a57791638941b18cb93a1d07ed2a969f5b725ac78ca77be0f06f7d54"
"md","party-mode","bmm","bmad/bmm/docs/party-mode.md","f68ebbc30ab7df4f4222b6faf108befcf09d1520e7605fc0147f65b6491d4057"
"md","pattern-detector","bmm","bmad/bmm/sub-modules/claude-code/sub-agents/bmad-analysis/pattern-detector.md","8ebbb124bf6f1f2eda553fd4a84d181dae7153fce8bf394e88a94b71475e98de"
"md","playwright-config","bmm","bmad/bmm/testarch/knowledge/playwright-config.md","0aad9401ce1f701925ba05f9bf6ff66c13fdf5d797593486de9d0e74a74cf9cd"
"md","pm","bmm","bmad/bmm/agents/pm.md","fe922b4c3f5cbd9c464eff35b975e89dc5e696ed64b747b48412171935ceb424"
"md","prd-template","bmm","bmad/bmm/workflows/2-plan-workflows/prd/prd-template.md","968f0f39be23444f7d118e69ad65151b18fb2048654b1d25eb83ebfa1d2e4fa2"
"md","probability-impact","bmm","bmad/bmm/testarch/knowledge/probability-impact.md","c582f4e681758b8c84ca2de003aa7133913326ac2c398b6c0e802914919b8333"
"md","project-context","bmm","bmad/bmm/workflows/1-analysis/brainstorm-project/project-context.md","5c3096f17fa77bc16380fccbb7c6ab1d1702913057430b9edb7efe50e138b489"
"md","project-overview-template","bmm","bmad/bmm/workflows/document-project/templates/project-overview-template.md","fd1ae5724b19829feb79245b5249c3ebf3cee30d07776939d87c7563e5bf76fd"
"md","quick-spec-flow","bmm","bmad/bmm/docs/quick-spec-flow.md","1bdb52edad17eea24de864fd7917c679efef6b619247a874dc5656494319dac7"
"md","quick-start","bmm","bmad/bmm/docs/quick-start.md","b221007a76db1c072c75bf0e060208c3d925b642ff16c41a0282aba15c394f47"
"md","readme","bmm","bmad/bmm/sub-modules/claude-code/readme.md","dc308623a61294e2166c695e3a19ff9aeee398bdd01ed8092bd926fbefb47639"
"md","README","bmm","bmad/bmm/docs/README.md","2f3a07a7c2a592bb41b5ee07413a54179226edfd3c02930be41217ace7d48931"
"md","README","bmm","bmad/bmm/README.md","b997914848293c10faa7ef29adabb1af511c66d2a3e1968895d5bfd30384bd8b"
"md","requirements-analyst","bmm","bmad/bmm/sub-modules/claude-code/sub-agents/bmad-planning/requirements-analyst.md","ca413c0982f294816455e85c8e8440e96017f46f2928608f33e4f84b06fd93ad"
"md","risk-governance","bmm","bmad/bmm/testarch/knowledge/risk-governance.md","970d014bb18d273f36bd16f4f2faa4ecae653b54928eddb473a499954ed9c074"
"md","scale-adaptive-system","bmm","bmad/bmm/docs/scale-adaptive-system.md","18bb2d5a4f048706bee6e3eaff9e1ebc611363028e6b0defe66995472ab77a35"
"md","selective-testing","bmm","bmad/bmm/testarch/knowledge/selective-testing.md","abe5316924696e5a7dbb68a345b01072ca13894c8d09cd5f77bfe509a7276b5b"
"md","selector-resilience","bmm","bmad/bmm/testarch/knowledge/selector-resilience.md","27017332dd7d25c86ef39bbf8aec4ace89ee05bed56b6fdae639078c9e725d15"
"md","sm","bmm","bmad/bmm/agents/sm.md","d2ec762157360e81c0af71705597e3ae63e97dcff3ad2514193c6b689f01ef43"
"md","source-tree-template","bmm","bmad/bmm/workflows/document-project/templates/source-tree-template.md","f0094b1e0a9770c8c408b86f978b660c253fe99affcf2b67e1cf7aa9b40e74cb"
"md","tea","bmm","bmad/bmm/agents/tea.md","1e5ba4f14eb409930246f4e16cad5ce1ceeccb5d10954d31664c6b03eedee402"
"md","tech-debt-auditor","bmm","bmad/bmm/sub-modules/claude-code/sub-agents/bmad-research/tech-debt-auditor.md","76182176ac024ec31d66017978658352bf7d8250c741ff2eaac632c995670baf"
"md","tech-spec-template","bmm","bmad/bmm/workflows/2-plan-workflows/tech-spec/tech-spec-template.md","d70ab12e409e56374871333f8b203d7474ad2202198d8216a11f63f89ee49111"
"md","tech-writer","bmm","bmad/bmm/agents/tech-writer.md","176e7060130f94f5ed0e902672691997d79ead43880051b64f20a457f8da0281"
"md","technical-decisions-curator","bmm","bmad/bmm/sub-modules/claude-code/sub-agents/bmad-planning/technical-decisions-curator.md","6d244291bff69d1207c60f0fb8272c43a26537b4d291c4045970bd5aaafc4946"
"md","technical-evaluator","bmm","bmad/bmm/sub-modules/claude-code/sub-agents/bmad-review/technical-evaluator.md","abf1f497d2d82c29931f781067659a03e20574e8050e8c688f22f03c191cc9bc"
"md","template","bmm","bmad/bmm/workflows/1-analysis/domain-research/template.md","bad7269463d7cf8a7ccfa3487c5f25b9d95f9d7b982833d39dd871562f162a90"
"md","template","bmm","bmad/bmm/workflows/1-analysis/product-brief/template.md","c1a5385f4e65fa031edfa9b7b4eb9489b8e022ae55857f9bf71c42d96cce4b19"
"md","template","bmm","bmad/bmm/workflows/3-solutioning/solutioning-gate-check/template.md","b085e111a25e813f6389e73d17e99adcc313c8022a452ade25c061a9c2d30360"
"md","template","bmm","bmad/bmm/workflows/4-implementation/create-story/template.md","d6985b05178ce3e4ac140e9cccda0e5b2a8cf07893e4ce5aed51c9f7434350ad"
"md","template","bmm","bmad/bmm/workflows/4-implementation/epic-tech-context/template.md","5b408e7d50056e91e2a27d8508f7c3b2bec11123c4b16a508cdad8137d56c09b"
"md","template-deep-prompt","bmm","bmad/bmm/workflows/1-analysis/research/template-deep-prompt.md","6d28b09e81f041f59a82d6dbefc8a8f3d7d69493c94d51cc63c31573397c5f2b"
"md","template-market","bmm","bmad/bmm/workflows/1-analysis/research/template-market.md","75e45d3188493e3b28c250e1f0e4f65521e2f04bf35d8653fbccca26186c3db5"
"md","template-technical","bmm","bmad/bmm/workflows/1-analysis/research/template-technical.md","dca73db078bf7f950533e87b0b4b0e9fde1eddf4bca479df0d3f45eab13fcb0e"
"md","test-architecture","bmm","bmad/bmm/docs/test-architecture.md","3d171f943ef1c828c9d12c71afeb3210750e33f78194db893f5a4baf4759e8a0"
"md","test-coverage-analyzer","bmm","bmad/bmm/sub-modules/claude-code/sub-agents/bmad-review/test-coverage-analyzer.md","b024bbc7ab909eb70c8af6f56728a151fa263b8d3cd6c2bffb7643a39a8bc8de"
"md","test-design-template","bmm","bmad/bmm/workflows/testarch/test-design/test-design-template.md","b1aaf79611ff683b9139f17edd67d271ea770c99b57b37fd0aba11474c3d709d"
"md","test-healing-patterns","bmm","bmad/bmm/testarch/knowledge/test-healing-patterns.md","34f05dc40b5ead05d9c68299cb1a46f819338a4c8c928ab550a593e17f2b5464"
"md","test-levels-framework","bmm","bmad/bmm/testarch/knowledge/test-levels-framework.md","5397ad467351c55a6c8ee0d7f2fc6fce3d123a0bee35c01af0f71aa90d8bd0ea"
"md","test-priorities-matrix","bmm","bmad/bmm/testarch/knowledge/test-priorities-matrix.md","9f026da4038166ce8c3cc8aaedc9ca32b99eae75a053d5301c07bc53442a7788"
"md","test-quality","bmm","bmad/bmm/testarch/knowledge/test-quality.md","01552faa4496926c4e4badf03ff7c0b17fbf3e5647c3a79348c6e4932602955e"
"md","test-review-template","bmm","bmad/bmm/workflows/testarch/test-review/test-review-template.md","e415ff04456a35f56d13c631eacdcc9e7e2a0f0f9678dddc0b035fe09b52b200"
"md","timing-debugging","bmm","bmad/bmm/testarch/knowledge/timing-debugging.md","74304e8e924f1ae21be4edcdea149442a8ee1d5ad23a5388dc32c0cf3f8135e7"
"md","trace-template","bmm","bmad/bmm/workflows/testarch/trace/trace-template.md","f07d3dfde1a75b7e3d574d8c4b95e738b5a2552e3fad89b4741c371141ea0fc4"
"md","trend-spotter","bmm","bmad/bmm/sub-modules/claude-code/sub-agents/bmad-planning/trend-spotter.md","e3d4281fb8c9729562e36430f082d2d85f77156c4ab3b0aca9aa26323010e7ae"
"md","user-journey-mapper","bmm","bmad/bmm/sub-modules/claude-code/sub-agents/bmad-planning/user-journey-mapper.md","33195c92ece40f024501a7607ff14b5c648394df0dee41f7ba849e618b9a07b6"
"md","user-researcher","bmm","bmad/bmm/sub-modules/claude-code/sub-agents/bmad-planning/user-researcher.md","93db9982168616a80833d56bf7b6f330955058b5d072a2b0775a63fda8e0c0c5"
"md","user-story-template","bmm","bmad/bmm/workflows/2-plan-workflows/tech-spec/user-story-template.md","516d73775b36662d13610b712a3ce1c4efb41453ffff5629f1a02797fd45eadc"
"md","ux-design-template","bmm","bmad/bmm/workflows/2-plan-workflows/create-ux-design/ux-design-template.md","841314dbe03adb697dc4acbeccc0efa54d3040d821d6d8d0d563d9c2b250d349"
"md","ux-designer","bmm","bmad/bmm/agents/ux-designer.md","90ca72d0945587cbaa9e7b58e2469ed3fc5c2a5703b493f8c61d4f77a3c38622"
"md","visual-debugging","bmm","bmad/bmm/testarch/knowledge/visual-debugging.md","c61f70d5f7eb3bb15e34484b874554672c3d78004b70a0eeb9f713abdd520e1f"
"md","workflow-architecture-reference","bmm","bmad/bmm/docs/workflow-architecture-reference.md","d9dcde27ef97394288c0a26287493daf8e4ce918960807235fcbb79eecf24954"
"md","workflow-document-project-reference","bmm","bmad/bmm/docs/workflow-document-project-reference.md","0961ac9be94cc39cb6d9a342d18167f4d1229758915859b9862fdffe55ad09e2"
"md","workflows-analysis","bmm","bmad/bmm/docs/workflows-analysis.md","e760a57198a66a73465c2e1c563a102f6c30c8fe5ffcd31f3908f0f6a1f7b7c3"
"md","workflows-implementation","bmm","bmad/bmm/docs/workflows-implementation.md","1d54a3ead38a476f531a1a05f0d9cbee1f0d7efd9d0336b9971d10abd9c3feec"
"md","workflows-planning","bmm","bmad/bmm/docs/workflows-planning.md","8ee10c663b4f2dbf1c589a83c0f313468e81608f8f84fea4d64530ee1c56a716"
"md","workflows-solutioning","bmm","bmad/bmm/docs/workflows-solutioning.md","65a9d692b00dbaf8e4023972feca791182071ad7ce309c754eb9130eb50a8902"
"xml","context-template","bmm","bmad/bmm/workflows/4-implementation/story-context/context-template.xml","afc0df12c28b955773de8672fd2ec9b84c7036aa4d94366318dc58a5e7ab0d3c"
"yaml","analyst.agent","bmm","bmad/bmm/agents/analyst.agent.yaml",""
"yaml","architect.agent","bmm","bmad/bmm/agents/architect.agent.yaml",""
"yaml","architecture-patterns","bmm","bmad/bmm/workflows/3-solutioning/architecture/architecture-patterns.yaml","58e1997a396eaf9dc0511661fbab58f508634483931f590b2db92844e32811bd"
"yaml","config","bmm","bmad/bmm/sub-modules/claude-code/config.yaml","4126eb5bac7b906374782be0e93cbc249ed521ef1c0f0af328076eba857267b4"
"yaml","config","bmm","bmad/bmm/config.yaml","d8a006ecc6d0322d743957b7c3a54274b285dcd866f38b97ecf1618771a11f95"
"yaml","decision-catalog","bmm","bmad/bmm/workflows/3-solutioning/architecture/decision-catalog.yaml","6e8e7b5ada527e0b08b1118385be77d118fecb16bc22c2f25b9d179b72e3172b"
"yaml","deep-dive","bmm","bmad/bmm/workflows/document-project/workflows/deep-dive.yaml","0ea3c64633f3902f93f41e94264e4b25bdfa6f75d7176301304419a032e7db2d"
"yaml","dev.agent","bmm","bmad/bmm/agents/dev.agent.yaml",""
"yaml","enterprise-brownfield","bmm","bmad/bmm/workflows/workflow-status/paths/enterprise-brownfield.yaml","6c96fa2470dc343faac91ad8aefc53b389b2f14b460f683208f2391cd4ce487c"
"yaml","enterprise-greenfield","bmm","bmad/bmm/workflows/workflow-status/paths/enterprise-greenfield.yaml","01aa0260498cd608ad73b04e3b3bce65d5bd7ab839e3b76fe85b12c89bbb6f93"
"yaml","full-scan","bmm","bmad/bmm/workflows/document-project/workflows/full-scan.yaml","f81786161c9357f13d2ec234fc47e9adeb626ce6cb0b494cc09ebf8a1a97caaa"
"yaml","game-design","bmm","bmad/bmm/workflows/workflow-status/paths/game-design.yaml","8025f5f93e3639ea00199b2e1deead7a00c868e07ee2ad2a05b5e617d9885261"
"yaml","github-actions-template","bmm","bmad/bmm/workflows/testarch/ci/github-actions-template.yaml","67b82b70b5b8a9b6bb2dd939ba8b9083f9ce820a4852c791ee990cd680daedc7"
"yaml","gitlab-ci-template","bmm","bmad/bmm/workflows/testarch/ci/gitlab-ci-template.yaml","eca2506e94776c38bca3cb0a8191c8b920af7bdae75d709a04fcccc190b6a66c"
"yaml","injections","bmm","bmad/bmm/sub-modules/claude-code/injections.yaml","1df5c70aa71aa9e2eb80551b117f6f5e0e6dc54a220f302b56b6fc66468d3675"
"yaml","injections","bmm","bmad/bmm/workflows/1-analysis/research/claude-code/injections.yaml","77c0388a3c0491a2b0dcfd6b2ad4794caace361e17655accae33ac8380834727"
"yaml","method-brownfield","bmm","bmad/bmm/workflows/workflow-status/paths/method-brownfield.yaml","6bca287d38d7919575ec0bfdc3b7c2ea1fdea083e46afe746a0f712a36ac2a8a"
"yaml","method-greenfield","bmm","bmad/bmm/workflows/workflow-status/paths/method-greenfield.yaml","878b8c19ecc18eda4552d003871b5b652a6ff2873e060d3a204fb7fac6ad2a59"
"yaml","pm.agent","bmm","bmad/bmm/agents/pm.agent.yaml",""
"yaml","project-levels","bmm","bmad/bmm/workflows/workflow-status/project-levels.yaml","c58163255bc01cfbb097ba0f2009aa22f67c1f8499b390e1a693fe0400961baf"
"yaml","quick-flow-brownfield","bmm","bmad/bmm/workflows/workflow-status/paths/quick-flow-brownfield.yaml","c8138c60dedffd34d940ad6d2fc233d53adaa72b4a5398f8d8b0140587ad0605"
"yaml","quick-flow-greenfield","bmm","bmad/bmm/workflows/workflow-status/paths/quick-flow-greenfield.yaml","68241a68518d1cf121d837e9ba360feea589c92eeccaae141f1e38e857b6f26a"
"yaml","sm.agent","bmm","bmad/bmm/agents/sm.agent.yaml",""
"yaml","sprint-status-template","bmm","bmad/bmm/workflows/4-implementation/sprint-planning/sprint-status-template.yaml","092c729d1616a1c53ffd2251b0776370e4d7ad1510ec6f3b4894e96c119eef4d"
"yaml","tea.agent","bmm","bmad/bmm/agents/tea.agent.yaml",""
"yaml","team-fullstack","bmm","bmad/bmm/teams/team-fullstack.yaml","debb100bfda3790c568422c40bd93be96b9ef641a147eb85769fb404a23e1a67"
"yaml","tech-writer.agent","bmm","bmad/bmm/agents/tech-writer.agent.yaml",""
"yaml","ux-designer.agent","bmm","bmad/bmm/agents/ux-designer.agent.yaml",""
"yaml","workflow","bmm","bmad/bmm/workflows/1-analysis/brainstorm-project/workflow.yaml","6e7a00e81c8d903e959b90520eb8b715b80282d1e9fd6694da7263ffeaf2a164"
"yaml","workflow","bmm","bmad/bmm/workflows/1-analysis/domain-research/workflow.yaml","9b4070578dedc20bc9e5a4c094df296a56cabb8969b1c5a8d38a5d57f2400335"
"yaml","workflow","bmm","bmad/bmm/workflows/1-analysis/product-brief/workflow.yaml","21f889f2ea7cfc2d677c071f5f2be886903f46cd1ec8902dd137a0aa4c956287"
"yaml","workflow","bmm","bmad/bmm/workflows/1-analysis/research/workflow.yaml","e1f3377bb84bab4d75bd0f5d2eaed9dac05441ef7c2f4f8aebecf41e78933a5a"
"yaml","workflow","bmm","bmad/bmm/workflows/2-plan-workflows/create-ux-design/workflow.yaml","c9fa36ff685fc91a848d9a7bd591ad065e9bb81b3176f034059dcb080bb0ed3e"
"yaml","workflow","bmm","bmad/bmm/workflows/2-plan-workflows/prd/create-epics-and-stories/workflow.yaml","4d62a1985985b95fcff822ba6d6c9fdb2a5ac6837eb7c9c25c3aabbd9a817494"
"yaml","workflow","bmm","bmad/bmm/workflows/2-plan-workflows/prd/workflow.yaml","0bf67ebf3bd8d6c028a8712ee83299c75a8fe00f247629a42dbee0d704981f4b"
"yaml","workflow","bmm","bmad/bmm/workflows/2-plan-workflows/tech-spec/workflow.yaml","8234ee20ef3607cd8f79620d1126e82a01d8e2731e8f77702d403efa4e0ea355"
"yaml","workflow","bmm","bmad/bmm/workflows/3-solutioning/architecture/workflow.yaml","a793e4468ec93615822c596e5571b4c2b8dcb71afa568089e95a82fc45cbbc5b"
"yaml","workflow","bmm","bmad/bmm/workflows/3-solutioning/solutioning-gate-check/workflow.yaml","9fae5a16bbcfe5c01527e10afff9472bca3f69958356a295f9155f78055f3a14"
"yaml","workflow","bmm","bmad/bmm/workflows/4-implementation/code-review/workflow.yaml","921a51c0cda63a39854d7e086771b45e58fd8e88d0401cb7be286755fc32b0fe"
"yaml","workflow","bmm","bmad/bmm/workflows/4-implementation/correct-course/workflow.yaml","7f9a6ae060e02a46de768de2e33c79a42f3fbb363bd85bfc4f4660c26343b7cd"
"yaml","workflow","bmm","bmad/bmm/workflows/4-implementation/create-story/workflow.yaml","f450c584c97da80f70bd947ab3dce9ffa33ea0edd43fb4f92d033ec51652df74"
"yaml","workflow","bmm","bmad/bmm/workflows/4-implementation/dev-story/workflow.yaml","2a6b6b4f7662214a9c85161c8d1e6716f3813a2ad50db0c741c4da416a6d458f"
"yaml","workflow","bmm","bmad/bmm/workflows/4-implementation/epic-tech-context/workflow.yaml","55216ea47d3e60d0d77855e93eccfe169318669676739fc7d08e7c8cdfdf15a3"
"yaml","workflow","bmm","bmad/bmm/workflows/4-implementation/retrospective/workflow.yaml","96295c39e6bde468502682e6d7d80f3dee797a19770d21ae372fafb83d00d5e8"
"yaml","workflow","bmm","bmad/bmm/workflows/4-implementation/sprint-planning/workflow.yaml","6cbdf8de98e08ebaeb3286d4fa9b3134c00f2fc56e60c4e27d846db331513de8"
"yaml","workflow","bmm","bmad/bmm/workflows/4-implementation/story-context/workflow.yaml","b108c4ebd7bbb8027399248e68fcc97d48f4c411f5c8cd616c7832c55efdafa3"
"yaml","workflow","bmm","bmad/bmm/workflows/4-implementation/story-done/workflow.yaml","2cdf1a7a4ce6b9049beec9a83092df6b04fa712dfbd954230597b0adea2ff091"
"yaml","workflow","bmm","bmad/bmm/workflows/4-implementation/story-ready/workflow.yaml","83b1accc2e1f5ff65ea48b4503bca9e77bb8537e0f6f65e753334b262cd02d63"
"yaml","workflow","bmm","bmad/bmm/workflows/document-project/workflow.yaml","f4e76738dcae30d397862943ae4cfff1cc021f860dee3f5f889afd2cafe6e5cd"
"yaml","workflow","bmm","bmad/bmm/workflows/testarch/atdd/workflow.yaml","86326f1766ce6e5a9879c1d6b969cb6d3750da7602719f4ace195bcdd6b21d2b"
"yaml","workflow","bmm","bmad/bmm/workflows/testarch/automate/workflow.yaml","b26567226b9ee1b93d7afa77a5fc5ef046ae63c81a61e3270ace63a754c925c9"
"yaml","workflow","bmm","bmad/bmm/workflows/testarch/ci/workflow.yaml","8b0fb11ce4f38c1f69cebbf350e6ba81495bca0ee1b039fee3a3092e7b9dfa5a"
"yaml","workflow","bmm","bmad/bmm/workflows/testarch/framework/workflow.yaml","8d8dffc0978be81bbbb1dc7f61f0aac247deeeb1b4224dcf272893f4ae66e106"
"yaml","workflow","bmm","bmad/bmm/workflows/testarch/nfr-assess/workflow.yaml","631a4bc78dd1be64b07d15a42b9b81b7583883153f6f6d758fe7c2c6efbf9b2e"
"yaml","workflow","bmm","bmad/bmm/workflows/testarch/test-design/workflow.yaml","a06a0ff2dc16e05d66ede566d80332b0e099dd15c67c7be567d4413c3957aad4"
"yaml","workflow","bmm","bmad/bmm/workflows/testarch/test-review/workflow.yaml","c9e7890f0eec5c949b9a5b3700b013c309357e4ae46d7b3108d049e57b91ebc1"
"yaml","workflow","bmm","bmad/bmm/workflows/testarch/trace/workflow.yaml","75608dbd517fd48ce09b416bcb1550e7e11989f8a334c3f7476b6ee42c8cebed"
"yaml","workflow","bmm","bmad/bmm/workflows/workflow-status/init/workflow.yaml","e218ee27b40b6757498199819ed96e98c42cf3acf0738eaf65102beca6f0d8ec"
"yaml","workflow","bmm","bmad/bmm/workflows/workflow-status/workflow.yaml","61cb833013999b21308dcd3ba24eaa7ef1d022efe7bb01ca83be0bf2af65b324"
"yaml","workflow-status-template","bmm","bmad/bmm/workflows/workflow-status/workflow-status-template.yaml","e55fa32fd739c8417358a8232cd405c449bc5b5199ac7369362bf4d0f58e6a09"
"csv","default-party","cis","bmad/cis/teams/default-party.csv","a244698efbd15023617596fe47c9ffa4371d1bff1d7327072c48177105459afe"
"csv","design-methods","cis","bmad/cis/workflows/design-thinking/design-methods.csv","97a1fa87aaa355ce855c2c4e3bbfde59cb4ed2166cf9896496af786f10c13459"
"csv","innovation-frameworks","cis","bmad/cis/workflows/innovation-strategy/innovation-frameworks.csv","bd1d191062302353d2562a54751f8f263ce47e143202e2c0fe41315c2be9eb95"
"csv","solving-methods","cis","bmad/cis/workflows/problem-solving/solving-methods.csv","f3a380b12b21ec2410d1ac44bc8ca1970b0a04a21bfe3dd0370ac7ed1ec0d2c0"
"csv","story-types","cis","bmad/cis/workflows/storytelling/story-types.csv","8cf3d49d3ce771f30b6d9c0c936d35f92b8af23e0962c876df832c02d605f1ce"
"md","brainstorming-coach","cis","bmad/cis/agents/brainstorming-coach.md","a9dcd27f5f94c53d26a0c39c6580bf65a0776b3bfd14933d837a4ff05cffcefc"
"md","creative-problem-solver","cis","bmad/cis/agents/creative-problem-solver.md","b4899f955972fdba1cf03e5f7c1f4c0201adb05eaef8b2ee20163a3118804cdd"
"md","design-thinking-coach","cis","bmad/cis/agents/design-thinking-coach.md","55c538371036424b3074c494f2a54283f43926424fb0c77d74be2142d19b08ac"
"md","innovation-strategist","cis","bmad/cis/agents/innovation-strategist.md","3febe8c5f936671d25d96f42d78741f56e8f6553a5823ac2d436ed16e4c8671a"
"md","instructions","cis","bmad/cis/workflows/design-thinking/instructions.md","e808a8195faef4a40dd31fb0dbf73b1a4038b2f5c4b100b08ef7a67f2d1f345a"
"md","instructions","cis","bmad/cis/workflows/innovation-strategy/instructions.md","8252b26a2b9b55e84014202a671cbabbf7c001b43f0b4efba2a0f10099d3c2f3"
"md","instructions","cis","bmad/cis/workflows/problem-solving/instructions.md","00bd3c39a67f8c03bfaa860677dc71e1bf24034cc25b455d6df3ef9eeca61d8c"
"md","instructions","cis","bmad/cis/workflows/storytelling/instructions.md","0318b5cc7dc54ec3a498899981b49695dab2446bdb3ab31265db3521da835ac7"
"md","readme","cis","bmad/cis/readme.md","80d8a80aa700342e770cf96163a79f003861b414c589c37cd79e24e2bdc39037"
"md","README","cis","bmad/cis/agents/README.md","b752d0e97578ecaf5dd185f1f6b4b7a6e299a5213fb5ec19da9136d373e6c7f9"
"md","README","cis","bmad/cis/workflows/design-thinking/README.md","c6eab6e3fe96a97731cc2b7d8d6ea20f5a9664d19f03fc5b2b34e1ac8952142e"
"md","README","cis","bmad/cis/workflows/innovation-strategy/README.md","88ab818502bf35c3e99eb8e277aa10244834b013913ecebd1de1449e54944650"
"md","README","cis","bmad/cis/workflows/problem-solving/README.md","1eb1bb254b197817249d53af6241cc8af5d9b324e6420eecb53c646ac1ffff8f"
"md","README","cis","bmad/cis/workflows/README.md","00edbf556aa0479a5c37b1d40be477df17dac9a6a78c521bd1ce8f885498bca0"
"md","README","cis","bmad/cis/workflows/storytelling/README.md","c82b12133c5057c546c96432d574aa035ab1446178f9c64d247cdda9e1e2bfe4"
"md","storyteller","cis","bmad/cis/agents/storyteller.md","068690e145355a311bc51dfde6176c8ba77d0a6caa12a4b44dd36590d16a2a1a"
"md","template","cis","bmad/cis/workflows/design-thinking/template.md","7bcf6d0cd09de3c0d91f3f49ee280177365dabb64ed814b97e83e73082643c37"
"md","template","cis","bmad/cis/workflows/innovation-strategy/template.md","38dbdadc7d36fcac61fc5e1c020b402d056cf96910c0702e5097c7634e787c21"
"md","template","cis","bmad/cis/workflows/problem-solving/template.md","c46fbdf42a1d9ad732f562e4add05020198ffc7ba18d134718e1cd960752c390"
"md","template","cis","bmad/cis/workflows/storytelling/template.md","290615dbd530dc13843a87ebedd107b390bcfd57cf68df67cd250dea8f49b2dd"
"yaml","brainstorming-coach.agent","cis","bmad/cis/agents/brainstorming-coach.agent.yaml",""
"yaml","config","cis","bmad/cis/config.yaml","3192a2d2a35c63496196708c8124a09125bceccc937c806dd0ad9ce3691e1255"
"yaml","creative-problem-solver.agent","cis","bmad/cis/agents/creative-problem-solver.agent.yaml",""
"yaml","creative-squad","cis","bmad/cis/teams/creative-squad.yaml","5e1033c95a9679e2f8688be4409104aa0b98c6503abb0512447b6d7541dd4f61"
"yaml","design-thinking-coach.agent","cis","bmad/cis/agents/design-thinking-coach.agent.yaml",""
"yaml","innovation-strategist.agent","cis","bmad/cis/agents/innovation-strategist.agent.yaml",""
"yaml","storyteller.agent","cis","bmad/cis/agents/storyteller.agent.yaml",""
"yaml","workflow","cis","bmad/cis/workflows/design-thinking/workflow.yaml","1d1575c39e3cab75fa290020672621959db4f0fb055bff7270414b333d032da4"
"yaml","workflow","cis","bmad/cis/workflows/innovation-strategy/workflow.yaml","f340f88b18898f4a69893354257578a4b5e01ecec47ed39c4bd15fba4ce98696"
"yaml","workflow","cis","bmad/cis/workflows/problem-solving/workflow.yaml","f7631d7a460c591f40cb665e8bae217bbde772944a96fd7a7037f7fdca8d95e1"
"yaml","workflow","cis","bmad/cis/workflows/storytelling/workflow.yaml","f6d9122db8223627fa29b5d785ab46da189cbd673ecfe3f475d0ad7f5503c00b"
"csv","adv-elicit-methods","core","bmad/core/tasks/adv-elicit-methods.csv","465346876d28b6231f21821f0c85bcc5b35b951d48897aaa3b040b35ca7921e5"
"csv","advanced-elicitation-methods","core","bmad/core/tasks/advanced-elicitation-methods.csv","e21ebb7a8ba19bc4109d4f5ab32c61e68c891663282f0c910e95a412f107bfba"
"csv","brain-methods","core","bmad/core/workflows/brainstorming/brain-methods.csv","caf4b24a02b3b83acb2ad5b63d69e543bf11e60d68e5f28d2033de489b1c9358"
"md","bmad-master","core","bmad/core/agents/bmad-master.md","c4283e5af57fd552f7306e812507edd8bed37ac7d853770c7502fe63ed955b1e"
"md","instructions","core","bmad/core/workflows/brainstorming/instructions.md","74fed0949479aecea76bc7d0b606dae9c97d26a3ac966d79f810f6c527e93654"
"md","instructions","core","bmad/core/workflows/party-mode/instructions.md","e67f8cdc043f78fcfefc6a38d976ab40cd7c4cd99a39b349f19075110bde25c4"
"md","README","core","bmad/core/workflows/brainstorming/README.md","f47dc1e22c328d4e8cde28c8d7c89b962cef59bbc3cd60f7918c4beed392e98d"
"md","template","core","bmad/core/workflows/brainstorming/template.md","4f36ede24661807c231fb15127888db1a05e37311c389de4915ad415cdc149f8"
"xml","advanced-elicitation","core","bmad/core/tasks/advanced-elicitation.xml","a8629f44e7bb5c5013413f4206a123700b29a909e6a644a772e22316141d9075"
"xml","bmad-web-orchestrator.agent","core","bmad/core/agents/bmad-web-orchestrator.agent.xml","9be0901e4b3eb2d13672a819fc92dfbf721cded00c84c5c0bd27544056adcb1b"
"xml","index-docs","core","bmad/core/tasks/index-docs.xml","41c851b985323c0381c636c14393179d04661310219ce6095e4734e440baffe7"
"xml","shard-doc","core","bmad/core/tools/shard-doc.xml","a3372d898be9cef3279c8726fe414d3da9904672703d73aa71d32b76dc0c0966"
"xml","validate-workflow","core","bmad/core/tasks/validate-workflow.xml","6743540779fd70b38a6d4f29cb1b173f0b26c50e8ff62bfcb523d71379b0733c"
"xml","workflow","core","bmad/core/tasks/workflow.xml","ba86a96a02ef9b7378b27547491a8b408bc1577d8633165934050795eb27e979"
"yaml","bmad-master.agent","core","bmad/core/agents/bmad-master.agent.yaml",""
"yaml","config","core","bmad/core/config.yaml","4903f3b295b7b46e816da82a438d5058094c8f72fedd9bf167a320f6a121dcca"
"yaml","workflow","core","bmad/core/workflows/brainstorming/workflow.yaml","9a584de86388eb6645609fa0155f564148c0b3f61a2537365197ec6a914cb6c4"
"yaml","workflow","core","bmad/core/workflows/party-mode/workflow.yaml","79cd25dc46f9a16035eac6cd215b7ae646774d337bed3879908a711d3bf67649"
